,datetime,season,holiday,workingday,weather,temp,humidity,windspeed,casual,registered,count
0,2023-01-01 00:00:00,4,0,1,4,15.69,60,0.5,255,756,1011
1,2023-01-01 01:00:00,2,0,1,1,16.17,56,16.07,66,931,997
2,2023-01-01 02:00:00,1,0,0,2,34.51,81,17.08,78,572,650
3,2023-01-01 03:00:00,4,0,1,1,10.81,77,18.87,91,913,1004
4,2023-01-01 04:00:00,2,1,0,1,30.16,42,36.44,241,176,417
5,2023-01-01 05:00:00,1,0,0,3,29.54,35,34.57,178,286,464
6,2023-01-01 06:00:00,1,0,1,3,14.9,74,23.98,190,800,990
7,2023-01-01 07:00:00,4,0,1,3,31.94,32,8.84,174,912,1086
8,2023-01-01 08:00:00,4,1,0,2,26.86,67,13.49,158,635,793
9,2023-01-01 09:00:00,4,1,1,1,30.54,33,39.59,33,899,932
10,2023-01-01 10:00:00,2,1,1,4,20.89,58,41.62,75,404,479
11,2023-01-01 11:00:00,2,0,0,2,33.4,80,30.09,181,758,939
12,2023-01-01 12:00:00,2,0,1,3,20.71,79,3.55,129,506,635
13,2023-01-01 13:00:00,3,1,0,4,10.61,72,11.56,61,207,268
14,2023-01-01 14:00:00,3,1,0,4,16.37,61,12.53,219,930,1149
15,2023-01-01 15:00:00,3,1,1,3,21.16,73,17.75,174,138,312
16,2023-01-01 16:00:00,1,1,1,3,6.8,70,30.02,148,441,589
17,2023-01-01 17:00:00,1,0,0,2,21.82,55,11.82,34,635,669
18,2023-01-01 18:00:00,4,1,0,3,27.79,53,17.0,277,918,1195
19,2023-01-01 19:00:00,3,0,1,3,10.66,81,37.35,265,982,1247
20,2023-01-01 20:00:00,2,0,1,2,22.77,33,40.94,164,362,526
21,2023-01-01 21:00:00,1,1,0,1,17.88,42,2.04,62,87,149
22,2023-01-01 22:00:00,2,0,0,4,35.0,63,49.23,209,171,380
23,2023-01-01 23:00:00,1,0,0,1,18.34,77,14.19,77,496,573
24,2023-01-02 00:00:00,1,1,1,2,11.83,31,31.95,197,113,310
25,2023-01-02 01:00:00,2,0,1,2,27.57,34,7.68,175,891,1066
26,2023-01-02 02:00:00,3,0,1,3,23.19,77,49.17,65,621,686
27,2023-01-02 03:00:00,3,0,1,3,12.67,83,47.93,84,808,892
28,2023-01-02 04:00:00,1,0,0,4,33.73,47,25.77,239,507,746
29,2023-01-02 05:00:00,4,0,1,4,29.42,87,18.77,153,337,490
30,2023-01-02 06:00:00,2,1,1,2,32.98,82,38.26,244,591,835
31,2023-01-02 07:00:00,1,0,0,3,15.65,90,11.06,172,970,1142
32,2023-01-02 08:00:00,2,1,1,3,23.32,85,9.02,84,251,335
33,2023-01-02 09:00:00,4,1,0,3,5.69,74,1.78,63,435,498
34,2023-01-02 10:00:00,3,1,1,1,16.86,53,24.42,240,931,1171
35,2023-01-02 11:00:00,2,0,0,3,34.67,67,35.81,277,955,1232
36,2023-01-02 12:00:00,3,0,0,3,33.63,65,25.55,55,929,984
37,2023-01-02 13:00:00,1,1,1,3,10.76,88,7.66,202,949,1151
38,2023-01-02 14:00:00,1,0,0,4,5.71,31,37.89,1,512,513
39,2023-01-02 15:00:00,2,1,1,2,23.75,81,2.13,274,978,1252
40,2023-01-02 16:00:00,2,0,1,1,5.99,62,28.7,28,107,135
41,2023-01-02 17:00:00,2,0,1,3,12.44,36,10.31,16,733,749
42,2023-01-02 18:00:00,1,0,0,3,17.24,75,24.43,282,63,345
43,2023-01-02 19:00:00,4,0,0,4,14.51,35,6.65,60,129,189
44,2023-01-02 20:00:00,1,1,0,1,29.94,53,17.13,27,751,778
45,2023-01-02 21:00:00,3,0,0,3,10.41,53,13.23,234,606,840
46,2023-01-02 22:00:00,1,1,0,2,32.98,81,24.04,211,980,1191
47,2023-01-02 23:00:00,1,1,1,3,33.61,69,11.72,282,469,751
48,2023-01-03 00:00:00,1,0,1,4,24.88,81,12.25,137,760,897
49,2023-01-03 01:00:00,3,0,1,1,31.32,67,21.94,224,810,1034
50,2023-01-03 02:00:00,1,0,0,1,6.12,68,40.49,229,925,1154
51,2023-01-03 03:00:00,3,1,1,4,31.74,73,6.4,90,115,205
52,2023-01-03 04:00:00,3,0,0,2,8.76,48,35.03,87,333,420
53,2023-01-03 05:00:00,2,0,1,3,27.04,61,4.33,126,160,286
54,2023-01-03 06:00:00,2,1,1,1,15.44,54,15.5,223,18,241
55,2023-01-03 07:00:00,1,1,1,4,18.01,38,28.94,95,296,391
56,2023-01-03 08:00:00,4,1,0,3,25.58,31,36.0,164,915,1079
57,2023-01-03 09:00:00,2,0,1,3,13.48,42,16.44,194,239,433
58,2023-01-03 10:00:00,3,1,1,1,9.63,70,17.61,229,228,457
59,2023-01-03 11:00:00,4,0,0,2,15.88,60,7.68,27,654,681
60,2023-01-03 12:00:00,4,0,1,2,6.61,77,10.07,284,200,484
61,2023-01-03 13:00:00,2,1,0,3,8.35,33,3.54,114,69,183
62,2023-01-03 14:00:00,3,1,0,3,34.81,32,32.37,124,91,215
63,2023-01-03 15:00:00,2,1,0,3,26.77,39,4.26,107,472,579
64,2023-01-03 16:00:00,4,1,1,3,9.69,62,13.83,69,356,425
65,2023-01-03 17:00:00,2,0,0,3,28.49,54,4.96,299,430,729
66,2023-01-03 18:00:00,2,1,0,4,32.5,57,47.24,95,709,804
67,2023-01-03 19:00:00,3,0,0,2,20.74,41,10.92,135,381,516
68,2023-01-03 20:00:00,2,1,1,2,5.6,69,37.7,187,808,995
69,2023-01-03 21:00:00,1,0,0,1,17.41,44,23.61,203,80,283
70,2023-01-03 22:00:00,3,1,1,4,10.67,57,34.56,17,102,119
71,2023-01-03 23:00:00,1,0,1,4,19.88,30,46.52,260,777,1037
72,2023-01-04 00:00:00,1,1,1,4,30.78,78,4.21,109,717,826
73,2023-01-04 01:00:00,3,0,1,3,31.97,62,35.02,46,793,839
74,2023-01-04 02:00:00,1,1,1,2,14.93,82,15.6,137,340,477
75,2023-01-04 03:00:00,3,0,0,4,20.46,62,45.02,100,40,140
76,2023-01-04 04:00:00,1,0,1,2,28.91,57,16.51,31,243,274
77,2023-01-04 05:00:00,4,0,0,3,34.53,67,6.28,24,330,354
78,2023-01-04 06:00:00,4,1,1,1,11.15,68,21.41,285,149,434
79,2023-01-04 07:00:00,1,1,1,1,23.3,81,40.62,238,972,1210
80,2023-01-04 08:00:00,4,0,1,4,18.3,53,49.75,56,841,897
81,2023-01-04 09:00:00,4,1,1,3,5.03,78,11.41,238,332,570
82,2023-01-04 10:00:00,1,0,1,4,31.79,41,36.3,286,957,1243
83,2023-01-04 11:00:00,3,1,1,2,32.04,72,4.9,206,510,716
84,2023-01-04 12:00:00,3,0,1,1,34.98,84,25.53,240,946,1186
85,2023-01-04 13:00:00,2,1,0,4,28.61,72,0.47,110,471,581
86,2023-01-04 14:00:00,4,0,0,4,5.71,72,6.82,231,45,276
87,2023-01-04 15:00:00,1,1,1,2,31.4,40,8.18,205,30,235
88,2023-01-04 16:00:00,4,0,1,3,13.58,67,41.6,300,936,1236
89,2023-01-04 17:00:00,3,0,1,3,33.88,34,23.82,279,894,1173
90,2023-01-04 18:00:00,2,1,1,1,33.83,49,24.08,80,733,813
91,2023-01-04 19:00:00,3,0,1,1,19.65,86,38.78,88,599,687
92,2023-01-04 20:00:00,2,0,1,3,31.54,76,15.12,170,244,414
93,2023-01-04 21:00:00,3,1,1,3,27.3,33,40.78,62,436,498
94,2023-01-04 22:00:00,3,0,0,1,21.71,66,12.35,283,363,646
95,2023-01-04 23:00:00,1,0,0,4,18.44,88,3.15,174,153,327
96,2023-01-05 00:00:00,1,1,0,1,25.28,50,1.93,53,62,115
97,2023-01-05 01:00:00,1,0,0,4,19.14,80,27.86,233,586,819
98,2023-01-05 02:00:00,2,1,0,3,11.65,30,15.45,266,745,1011
99,2023-01-05 03:00:00,2,0,0,2,18.74,66,18.77,199,547,746
100,2023-01-05 04:00:00,1,0,0,1,6.34,82,4.81,183,818,1001
101,2023-01-05 05:00:00,1,0,0,3,27.65,39,41.35,90,118,208
102,2023-01-05 06:00:00,3,0,0,4,15.23,41,31.97,189,553,742
103,2023-01-05 07:00:00,1,1,1,3,27.96,52,30.25,96,534,630
104,2023-01-05 08:00:00,3,1,1,3,6.99,39,28.59,76,72,148
105,2023-01-05 09:00:00,2,0,0,1,21.53,39,18.2,217,238,455
106,2023-01-05 10:00:00,2,1,0,2,9.57,83,48.03,135,788,923
107,2023-01-05 11:00:00,2,0,0,3,14.62,44,4.26,261,290,551
108,2023-01-05 12:00:00,3,0,1,4,17.51,61,40.16,25,294,319
109,2023-01-05 13:00:00,4,0,0,2,25.55,84,32.7,271,895,1166
110,2023-01-05 14:00:00,4,0,0,1,27.43,59,29.5,51,994,1045
111,2023-01-05 15:00:00,4,1,1,2,20.38,34,48.58,255,723,978
112,2023-01-05 16:00:00,4,1,1,4,22.23,50,23.12,191,454,645
113,2023-01-05 17:00:00,3,0,0,3,30.89,39,32.85,218,467,685
114,2023-01-05 18:00:00,3,0,0,1,15.62,39,11.14,148,507,655
115,2023-01-05 19:00:00,3,0,1,4,27.34,38,14.79,125,666,791
116,2023-01-05 20:00:00,2,1,1,1,15.1,58,32.89,185,181,366
117,2023-01-05 21:00:00,4,1,0,4,18.39,79,25.31,271,67,338
118,2023-01-05 22:00:00,2,0,1,1,29.03,84,18.77,276,590,866
119,2023-01-05 23:00:00,4,1,1,3,26.7,80,16.79,216,739,955
120,2023-01-06 00:00:00,2,0,1,2,24.88,48,4.74,119,930,1049
121,2023-01-06 01:00:00,4,0,0,2,32.33,75,32.86,43,533,576
122,2023-01-06 02:00:00,1,1,1,2,8.58,89,10.63,217,190,407
123,2023-01-06 03:00:00,4,0,0,1,16.57,77,13.77,225,832,1057
124,2023-01-06 04:00:00,2,0,0,4,23.53,33,4.42,274,440,714
125,2023-01-06 05:00:00,1,1,1,2,18.5,88,23.52,136,501,637
126,2023-01-06 06:00:00,1,1,0,3,13.85,88,45.85,245,984,1229
127,2023-01-06 07:00:00,3,0,1,3,25.15,67,13.37,151,844,995
128,2023-01-06 08:00:00,1,0,1,4,6.08,58,42.28,130,518,648
129,2023-01-06 09:00:00,1,1,1,3,26.82,66,26.31,77,206,283
130,2023-01-06 10:00:00,4,1,0,3,12.68,75,29.91,141,844,985
131,2023-01-06 11:00:00,1,0,1,2,26.6,76,5.06,116,982,1098
132,2023-01-06 12:00:00,4,0,1,3,32.55,56,41.84,49,699,748
133,2023-01-06 13:00:00,2,1,1,1,29.06,76,18.37,154,693,847
134,2023-01-06 14:00:00,2,0,1,4,15.39,31,32.47,17,486,503
135,2023-01-06 15:00:00,2,0,1,3,13.52,63,39.0,269,986,1255
136,2023-01-06 16:00:00,4,0,1,3,25.51,48,23.17,204,599,803
137,2023-01-06 17:00:00,4,1,1,1,8.28,81,39.66,259,318,577
138,2023-01-06 18:00:00,2,0,0,2,21.49,44,39.05,53,19,72
139,2023-01-06 19:00:00,1,0,1,4,24.19,44,3.73,45,989,1034
140,2023-01-06 20:00:00,1,1,0,1,14.54,62,22.78,295,921,1216
141,2023-01-06 21:00:00,1,1,1,1,18.42,61,24.46,222,694,916
142,2023-01-06 22:00:00,3,1,0,2,27.52,72,21.28,131,336,467
143,2023-01-06 23:00:00,4,1,1,2,27.21,33,16.59,196,622,818
144,2023-01-07 00:00:00,1,0,0,4,33.29,84,42.17,245,591,836
145,2023-01-07 01:00:00,3,0,1,1,31.22,45,26.6,287,153,440
146,2023-01-07 02:00:00,3,1,0,2,14.36,37,17.92,265,692,957
147,2023-01-07 03:00:00,1,0,0,1,10.16,32,28.11,130,937,1067
148,2023-01-07 04:00:00,2,1,1,4,28.16,59,33.2,27,202,229
149,2023-01-07 05:00:00,4,1,1,4,34.45,42,46.55,44,252,296
150,2023-01-07 06:00:00,4,0,0,3,23.13,30,36.16,31,406,437
151,2023-01-07 07:00:00,2,1,1,3,27.27,40,13.06,289,336,625
152,2023-01-07 08:00:00,2,0,0,2,27.22,66,44.2,46,126,172
153,2023-01-07 09:00:00,2,1,1,3,6.76,64,36.22,4,409,413
154,2023-01-07 10:00:00,3,0,0,4,33.43,60,27.8,85,60,145
155,2023-01-07 11:00:00,3,1,1,4,11.39,66,31.58,104,651,755
156,2023-01-07 12:00:00,3,0,0,4,21.72,83,33.34,124,851,975
157,2023-01-07 13:00:00,4,1,0,1,31.93,34,9.21,244,443,687
158,2023-01-07 14:00:00,1,0,1,3,33.69,31,12.53,97,92,189
159,2023-01-07 15:00:00,1,0,0,1,17.79,44,19.86,23,566,589
160,2023-01-07 16:00:00,4,0,1,4,28.06,67,3.67,171,463,634
161,2023-01-07 17:00:00,2,0,1,1,11.68,79,27.72,138,560,698
162,2023-01-07 18:00:00,4,0,1,3,27.21,85,33.67,143,663,806
163,2023-01-07 19:00:00,2,1,1,2,34.55,31,14.31,26,488,514
164,2023-01-07 20:00:00,3,1,0,3,34.58,73,12.33,299,364,663
165,2023-01-07 21:00:00,2,0,1,4,21.56,56,10.37,229,195,424
166,2023-01-07 22:00:00,4,0,1,3,33.81,55,35.84,139,731,870
167,2023-01-07 23:00:00,1,0,1,2,16.09,45,24.22,239,542,781
168,2023-01-08 00:00:00,2,1,0,4,22.26,44,30.69,233,953,1186
169,2023-01-08 01:00:00,2,1,0,4,10.59,61,0.64,259,120,379
170,2023-01-08 02:00:00,1,0,1,2,24.41,34,13.03,258,229,487
171,2023-01-08 03:00:00,1,0,0,2,5.94,45,0.94,7,311,318
172,2023-01-08 04:00:00,2,1,0,4,5.41,58,44.96,180,575,755
173,2023-01-08 05:00:00,1,1,1,4,7.78,80,30.58,173,958,1131
174,2023-01-08 06:00:00,3,1,1,2,11.85,61,19.91,190,836,1026
175,2023-01-08 07:00:00,3,1,1,1,32.97,69,43.28,252,953,1205
176,2023-01-08 08:00:00,3,0,1,4,34.81,76,36.34,267,125,392
177,2023-01-08 09:00:00,1,1,0,3,31.48,60,24.26,105,906,1011
178,2023-01-08 10:00:00,4,1,1,3,34.03,75,42.48,70,257,327
179,2023-01-08 11:00:00,3,0,1,3,17.23,49,30.57,18,440,458
180,2023-01-08 12:00:00,1,1,0,4,28.65,68,48.69,145,576,721
181,2023-01-08 13:00:00,1,1,0,4,21.61,40,13.35,257,347,604
182,2023-01-08 14:00:00,3,1,1,3,12.56,38,11.94,276,548,824
183,2023-01-08 15:00:00,2,0,1,4,27.52,83,20.87,276,861,1137
184,2023-01-08 16:00:00,3,0,0,3,27.93,47,4.57,296,913,1209
185,2023-01-08 17:00:00,2,0,1,2,33.98,66,21.26,27,164,191
186,2023-01-08 18:00:00,2,1,1,4,6.49,72,7.95,106,577,683
187,2023-01-08 19:00:00,4,1,0,2,32.72,76,5.61,37,618,655
188,2023-01-08 20:00:00,1,1,0,2,23.75,43,40.31,109,409,518
189,2023-01-08 21:00:00,1,1,1,3,23.26,40,29.79,199,804,1003
190,2023-01-08 22:00:00,2,1,1,2,23.97,84,26.85,223,628,851
191,2023-01-08 23:00:00,3,0,0,1,21.67,32,37.14,275,382,657
192,2023-01-09 00:00:00,1,1,0,2,15.21,40,39.9,31,238,269
193,2023-01-09 01:00:00,2,0,1,2,9.6,47,45.29,228,457,685
194,2023-01-09 02:00:00,4,0,1,2,20.43,38,49.85,269,234,503
195,2023-01-09 03:00:00,1,1,0,1,13.28,88,8.04,132,235,367
196,2023-01-09 04:00:00,4,0,0,4,21.43,35,9.28,291,249,540
197,2023-01-09 05:00:00,3,0,1,1,30.29,47,14.64,300,988,1288
198,2023-01-09 06:00:00,1,0,0,1,16.47,61,40.17,183,611,794
199,2023-01-09 07:00:00,3,1,0,4,22.77,39,6.61,24,781,805
200,2023-01-09 08:00:00,4,0,1,4,19.56,41,22.32,292,979,1271
201,2023-01-09 09:00:00,2,1,1,4,14.62,38,16.52,108,966,1074
202,2023-01-09 10:00:00,2,1,1,3,19.14,37,1.55,217,928,1145
203,2023-01-09 11:00:00,2,0,0,1,9.73,43,31.54,196,790,986
204,2023-01-09 12:00:00,4,1,0,2,12.84,52,27.35,178,815,993
205,2023-01-09 13:00:00,1,0,0,2,13.51,58,2.08,259,254,513
206,2023-01-09 14:00:00,3,0,0,3,34.43,68,21.4,173,310,483
207,2023-01-09 15:00:00,2,1,0,4,26.48,60,31.68,46,198,244
208,2023-01-09 16:00:00,4,1,0,4,30.47,55,3.2,15,753,768
209,2023-01-09 17:00:00,1,1,0,2,6.8,64,24.08,187,733,920
210,2023-01-09 18:00:00,3,0,0,4,11.87,84,35.76,264,398,662
211,2023-01-09 19:00:00,1,0,0,2,25.33,85,20.93,45,307,352
212,2023-01-09 20:00:00,2,0,1,1,28.45,58,32.94,264,303,567
213,2023-01-09 21:00:00,2,1,1,3,19.98,72,43.53,176,827,1003
214,2023-01-09 22:00:00,1,1,0,1,26.13,36,31.95,265,959,1224
215,2023-01-09 23:00:00,1,1,0,4,32.18,40,47.38,291,205,496
216,2023-01-10 00:00:00,4,1,0,1,5.31,73,21.05,63,734,797
217,2023-01-10 01:00:00,3,0,1,4,13.22,45,26.54,173,585,758
218,2023-01-10 02:00:00,2,1,1,2,31.34,62,13.3,20,266,286
219,2023-01-10 03:00:00,2,1,0,1,11.72,63,9.96,191,921,1112
220,2023-01-10 04:00:00,1,1,0,4,26.39,65,44.76,6,253,259
221,2023-01-10 05:00:00,3,0,1,1,9.52,79,45.24,29,449,478
222,2023-01-10 06:00:00,2,1,1,1,30.98,77,16.34,194,879,1073
223,2023-01-10 07:00:00,1,1,1,4,7.95,84,0.54,256,902,1158
224,2023-01-10 08:00:00,1,1,1,4,23.65,54,32.02,53,392,445
225,2023-01-10 09:00:00,3,0,1,3,11.65,61,3.6,171,431,602
226,2023-01-10 10:00:00,1,0,0,3,25.38,84,17.89,66,757,823
227,2023-01-10 11:00:00,1,0,0,4,32.08,85,3.64,172,701,873
228,2023-01-10 12:00:00,4,1,1,2,18.72,43,41.72,211,245,456
229,2023-01-10 13:00:00,3,0,1,2,31.92,46,49.58,95,87,182
230,2023-01-10 14:00:00,1,1,0,1,19.23,50,25.77,80,874,954
231,2023-01-10 15:00:00,1,0,1,4,9.18,59,22.94,3,100,103
232,2023-01-10 16:00:00,4,0,1,4,31.9,71,36.27,174,643,817
233,2023-01-10 17:00:00,1,0,0,4,10.79,44,31.56,200,629,829
234,2023-01-10 18:00:00,3,0,1,4,9.83,72,0.55,11,821,832
235,2023-01-10 19:00:00,1,0,0,4,15.04,65,18.27,129,173,302
236,2023-01-10 20:00:00,2,1,1,4,22.43,82,3.2,163,741,904
237,2023-01-10 21:00:00,2,1,0,4,32.9,89,27.22,137,614,751
238,2023-01-10 22:00:00,3,0,1,3,30.32,59,0.45,298,400,698
239,2023-01-10 23:00:00,4,0,1,2,26.7,62,14.4,223,555,778
240,2023-01-11 00:00:00,2,1,1,2,8.69,45,15.89,4,277,281
241,2023-01-11 01:00:00,4,0,0,3,6.53,63,23.64,15,960,975
242,2023-01-11 02:00:00,2,1,0,1,32.22,74,38.28,176,715,891
243,2023-01-11 03:00:00,4,0,1,3,23.83,64,5.42,92,956,1048
244,2023-01-11 04:00:00,2,1,0,2,14.8,65,3.46,94,412,506
245,2023-01-11 05:00:00,1,0,1,3,32.23,88,33.49,22,787,809
246,2023-01-11 06:00:00,4,0,0,2,20.61,49,26.46,102,387,489
247,2023-01-11 07:00:00,1,1,1,1,13.18,61,35.97,271,770,1041
248,2023-01-11 08:00:00,2,0,0,1,6.87,90,49.52,250,891,1141
249,2023-01-11 09:00:00,3,1,1,2,16.33,61,46.79,4,455,459
250,2023-01-11 10:00:00,1,0,0,3,20.45,37,5.27,290,655,945
251,2023-01-11 11:00:00,2,1,0,2,12.9,33,10.48,256,570,826
252,2023-01-11 12:00:00,2,1,0,2,9.49,54,27.76,53,376,429
253,2023-01-11 13:00:00,3,1,1,3,29.82,59,18.3,216,920,1136
254,2023-01-11 14:00:00,1,0,1,1,26.18,78,4.75,71,768,839
255,2023-01-11 15:00:00,3,1,1,1,11.21,47,37.33,6,389,395
256,2023-01-11 16:00:00,3,0,1,4,28.46,42,40.8,243,591,834
257,2023-01-11 17:00:00,4,0,1,1,32.53,68,22.0,255,698,953
258,2023-01-11 18:00:00,4,1,1,2,33.29,75,41.13,96,223,319
259,2023-01-11 19:00:00,4,0,1,3,9.43,35,26.6,193,791,984
260,2023-01-11 20:00:00,1,1,1,2,22.15,74,7.68,178,222,400
261,2023-01-11 21:00:00,1,0,0,4,33.25,79,16.15,106,542,648
262,2023-01-11 22:00:00,3,1,0,4,25.34,51,45.94,257,528,785
263,2023-01-11 23:00:00,2,1,0,2,26.65,51,15.66,56,790,846
264,2023-01-12 00:00:00,2,0,0,2,23.46,35,1.64,7,63,70
265,2023-01-12 01:00:00,4,0,0,1,14.47,74,6.86,208,627,835
266,2023-01-12 02:00:00,1,0,1,1,7.24,48,45.38,64,162,226
267,2023-01-12 03:00:00,3,1,0,1,17.65,44,31.05,94,51,145
268,2023-01-12 04:00:00,3,0,0,3,16.48,82,13.63,145,463,608
269,2023-01-12 05:00:00,1,1,0,3,15.24,63,35.4,236,93,329
270,2023-01-12 06:00:00,3,1,0,3,17.08,77,6.86,210,968,1178
271,2023-01-12 07:00:00,2,1,1,4,17.03,72,18.15,269,861,1130
272,2023-01-12 08:00:00,2,0,0,1,6.99,61,6.32,300,505,805
273,2023-01-12 09:00:00,3,1,1,2,8.7,61,2.39,36,867,903
274,2023-01-12 10:00:00,4,1,0,2,20.01,30,44.76,124,982,1106
275,2023-01-12 11:00:00,1,1,1,3,12.96,81,19.59,127,513,640
276,2023-01-12 12:00:00,3,1,0,1,8.41,51,42.61,262,697,959
277,2023-01-12 13:00:00,4,0,0,4,28.22,70,43.21,224,760,984
278,2023-01-12 14:00:00,4,0,0,2,21.73,76,24.76,73,489,562
279,2023-01-12 15:00:00,1,0,0,2,20.14,38,36.76,191,126,317
280,2023-01-12 16:00:00,3,1,1,3,31.74,48,29.16,231,607,838
281,2023-01-12 17:00:00,2,0,1,3,22.8,78,34.04,235,76,311
282,2023-01-12 18:00:00,2,1,0,2,11.94,86,34.36,60,940,1000
283,2023-01-12 19:00:00,3,1,1,3,15.01,59,41.59,16,275,291
284,2023-01-12 20:00:00,4,1,1,2,30.91,60,10.4,104,618,722
285,2023-01-12 21:00:00,2,1,1,2,24.94,62,21.1,33,348,381
286,2023-01-12 22:00:00,1,1,1,4,21.67,58,8.17,294,299,593
287,2023-01-12 23:00:00,4,1,1,2,17.07,56,15.31,227,304,531
288,2023-01-13 00:00:00,1,0,1,2,11.96,61,18.39,166,769,935
289,2023-01-13 01:00:00,2,1,1,2,29.88,63,39.93,182,21,203
290,2023-01-13 02:00:00,2,0,0,4,9.57,90,21.16,98,901,999
291,2023-01-13 03:00:00,4,0,0,4,5.7,39,17.93,287,165,452
292,2023-01-13 04:00:00,4,1,0,3,33.09,52,14.39,159,903,1062
293,2023-01-13 05:00:00,1,0,1,3,25.45,86,22.26,27,388,415
294,2023-01-13 06:00:00,3,0,0,3,20.35,56,31.77,85,811,896
295,2023-01-13 07:00:00,4,0,1,4,21.75,70,27.19,285,867,1152
296,2023-01-13 08:00:00,4,0,0,4,27.38,88,19.47,242,777,1019
297,2023-01-13 09:00:00,1,0,1,4,11.51,60,4.85,253,418,671
298,2023-01-13 10:00:00,4,1,0,3,31.83,81,26.21,180,967,1147
299,2023-01-13 11:00:00,1,0,0,4,32.44,77,17.25,57,117,174
300,2023-01-13 12:00:00,4,0,1,3,18.19,70,3.15,160,944,1104
301,2023-01-13 13:00:00,2,0,0,3,17.59,31,45.74,199,844,1043
302,2023-01-13 14:00:00,2,0,1,1,25.29,44,3.1,283,808,1091
303,2023-01-13 15:00:00,4,0,1,1,23.24,38,30.22,37,563,600
304,2023-01-13 16:00:00,2,0,0,4,28.12,49,17.72,207,792,999
305,2023-01-13 17:00:00,2,0,1,4,17.24,45,28.55,171,324,495
306,2023-01-13 18:00:00,1,1,0,4,24.96,53,29.05,300,420,720
307,2023-01-13 19:00:00,3,0,1,1,15.28,43,2.92,199,924,1123
308,2023-01-13 20:00:00,2,0,0,4,20.16,82,48.02,218,391,609
309,2023-01-13 21:00:00,3,0,0,4,16.61,37,29.66,45,101,146
310,2023-01-13 22:00:00,2,0,0,3,21.42,44,36.42,217,748,965
311,2023-01-13 23:00:00,1,1,1,4,9.86,35,10.4,176,482,658
312,2023-01-14 00:00:00,1,1,0,3,28.62,83,10.17,53,752,805
313,2023-01-14 01:00:00,3,0,0,2,25.06,62,36.15,13,892,905
314,2023-01-14 02:00:00,1,1,0,4,9.94,75,0.24,211,347,558
315,2023-01-14 03:00:00,1,0,1,1,15.46,69,22.79,265,621,886
316,2023-01-14 04:00:00,3,0,0,3,24.1,53,8.43,134,656,790
317,2023-01-14 05:00:00,1,0,1,4,32.91,60,13.46,238,567,805
318,2023-01-14 06:00:00,2,0,0,3,25.67,36,28.06,172,640,812
319,2023-01-14 07:00:00,2,1,0,2,32.41,32,10.49,207,816,1023
320,2023-01-14 08:00:00,2,0,1,3,25.34,37,27.39,190,714,904
321,2023-01-14 09:00:00,4,0,0,1,15.34,73,21.4,145,166,311
322,2023-01-14 10:00:00,1,0,0,4,5.85,42,6.67,165,263,428
323,2023-01-14 11:00:00,2,0,0,2,26.55,84,31.99,73,546,619
324,2023-01-14 12:00:00,2,0,1,1,28.26,35,25.58,105,964,1069
325,2023-01-14 13:00:00,2,0,0,4,25.17,30,22.55,168,208,376
326,2023-01-14 14:00:00,3,0,0,1,13.35,36,19.12,83,549,632
327,2023-01-14 15:00:00,4,0,0,4,15.86,63,21.39,145,382,527
328,2023-01-14 16:00:00,4,0,0,4,22.27,75,29.8,270,417,687
329,2023-01-14 17:00:00,2,1,1,4,11.0,55,24.58,92,781,873
330,2023-01-14 18:00:00,3,0,1,1,22.4,71,49.2,179,512,691
331,2023-01-14 19:00:00,1,0,1,1,32.08,77,4.63,23,861,884
332,2023-01-14 20:00:00,2,0,0,1,32.5,41,34.18,86,797,883
333,2023-01-14 21:00:00,2,0,1,3,30.93,34,5.67,258,352,610
334,2023-01-14 22:00:00,4,0,0,3,24.04,79,35.49,198,381,579
335,2023-01-14 23:00:00,4,0,0,3,6.47,43,49.65,225,926,1151
336,2023-01-15 00:00:00,2,0,0,4,10.45,89,48.35,62,584,646
337,2023-01-15 01:00:00,1,1,0,1,18.34,44,30.88,191,9,200
338,2023-01-15 02:00:00,2,0,1,3,34.23,75,26.53,274,939,1213
339,2023-01-15 03:00:00,4,1,0,4,30.18,80,41.76,88,961,1049
340,2023-01-15 04:00:00,1,1,0,1,12.66,51,25.6,233,374,607
341,2023-01-15 05:00:00,2,0,0,3,30.66,73,1.22,157,67,224
342,2023-01-15 06:00:00,2,0,1,4,23.12,84,2.39,117,679,796
343,2023-01-15 07:00:00,4,0,1,4,9.4,43,27.72,180,568,748
344,2023-01-15 08:00:00,2,0,0,1,10.18,90,22.06,281,677,958
345,2023-01-15 09:00:00,4,1,1,4,31.19,55,40.95,28,718,746
346,2023-01-15 10:00:00,3,0,0,1,17.64,39,40.77,84,770,854
347,2023-01-15 11:00:00,3,0,0,3,7.06,72,14.97,132,310,442
348,2023-01-15 12:00:00,4,1,0,3,12.54,55,34.79,78,965,1043
349,2023-01-15 13:00:00,3,1,1,1,18.55,52,9.19,262,673,935
350,2023-01-15 14:00:00,2,0,0,2,12.5,88,24.04,73,889,962
351,2023-01-15 15:00:00,2,0,1,2,21.22,70,47.37,211,823,1034
352,2023-01-15 16:00:00,2,1,1,4,26.04,51,44.13,13,79,92
353,2023-01-15 17:00:00,4,1,0,2,20.16,41,19.18,219,347,566
354,2023-01-15 18:00:00,1,1,0,3,29.34,81,16.1,24,824,848
355,2023-01-15 19:00:00,1,0,1,4,24.37,53,31.17,229,529,758
356,2023-01-15 20:00:00,2,0,1,2,10.77,75,12.94,86,118,204
357,2023-01-15 21:00:00,4,0,0,1,21.49,33,37.03,18,26,44
358,2023-01-15 22:00:00,1,0,1,1,22.09,80,16.9,195,989,1184
359,2023-01-15 23:00:00,4,0,1,1,9.93,64,43.04,136,475,611
360,2023-01-16 00:00:00,1,0,0,2,17.81,43,23.39,289,740,1029
361,2023-01-16 01:00:00,3,0,0,1,34.54,35,26.27,295,887,1182
362,2023-01-16 02:00:00,1,1,0,1,30.46,44,38.87,161,847,1008
363,2023-01-16 03:00:00,3,1,0,3,34.86,47,31.2,182,119,301
364,2023-01-16 04:00:00,1,0,0,3,22.98,59,28.26,265,661,926
365,2023-01-16 05:00:00,3,1,0,1,20.42,53,4.18,38,594,632
366,2023-01-16 06:00:00,3,0,0,3,5.5,90,0.69,211,654,865
367,2023-01-16 07:00:00,3,1,1,3,25.55,52,49.05,136,814,950
368,2023-01-16 08:00:00,4,0,0,1,6.97,72,1.33,114,185,299
369,2023-01-16 09:00:00,2,0,0,4,27.49,40,38.61,210,353,563
370,2023-01-16 10:00:00,4,0,1,3,30.61,53,19.28,276,5,281
371,2023-01-16 11:00:00,1,1,1,2,26.08,87,18.89,116,826,942
372,2023-01-16 12:00:00,1,0,0,2,15.57,72,3.93,0,726,726
373,2023-01-16 13:00:00,3,1,1,2,19.18,51,19.59,215,510,725
374,2023-01-16 14:00:00,2,1,0,4,16.41,69,16.22,158,346,504
375,2023-01-16 15:00:00,2,0,1,4,27.55,90,45.55,209,82,291
376,2023-01-16 16:00:00,1,1,0,2,8.2,81,8.12,122,915,1037
377,2023-01-16 17:00:00,4,1,1,2,32.42,35,21.94,243,713,956
378,2023-01-16 18:00:00,1,0,1,3,16.58,30,16.39,127,188,315
379,2023-01-16 19:00:00,1,0,0,3,25.47,78,46.21,150,783,933
380,2023-01-16 20:00:00,2,1,1,3,15.2,67,3.32,264,633,897
381,2023-01-16 21:00:00,2,1,0,1,13.35,60,40.07,234,140,374
382,2023-01-16 22:00:00,3,1,0,3,10.27,67,18.87,70,127,197
383,2023-01-16 23:00:00,4,1,1,1,15.41,67,12.58,156,132,288
384,2023-01-17 00:00:00,2,1,0,2,18.12,85,2.3,238,594,832
385,2023-01-17 01:00:00,3,0,1,4,32.9,58,5.29,287,96,383
386,2023-01-17 02:00:00,3,1,1,1,28.57,31,7.81,50,372,422
387,2023-01-17 03:00:00,2,1,0,2,25.18,58,31.71,12,191,203
388,2023-01-17 04:00:00,2,1,1,1,15.04,53,9.73,65,459,524
389,2023-01-17 05:00:00,2,0,0,1,7.29,44,48.88,189,826,1015
390,2023-01-17 06:00:00,3,0,0,2,17.75,62,44.11,272,758,1030
391,2023-01-17 07:00:00,2,0,0,1,31.76,58,35.35,261,692,953
392,2023-01-17 08:00:00,3,0,1,4,5.64,33,8.12,54,901,955
393,2023-01-17 09:00:00,2,1,0,2,14.72,30,35.11,288,972,1260
394,2023-01-17 10:00:00,4,1,1,4,28.3,78,12.38,261,591,852
395,2023-01-17 11:00:00,3,1,0,2,6.04,39,30.71,195,397,592
396,2023-01-17 12:00:00,4,1,1,3,10.03,79,12.2,245,287,532
397,2023-01-17 13:00:00,1,1,1,2,15.11,51,28.03,35,832,867
398,2023-01-17 14:00:00,3,1,1,3,29.39,33,21.28,192,41,233
399,2023-01-17 15:00:00,4,0,0,1,24.55,47,16.76,291,436,727
400,2023-01-17 16:00:00,1,0,1,4,18.48,52,27.54,31,456,487
401,2023-01-17 17:00:00,2,1,1,4,10.27,82,27.39,123,645,768
402,2023-01-17 18:00:00,2,1,0,3,10.33,66,2.6,125,305,430
403,2023-01-17 19:00:00,3,0,1,1,21.52,76,1.63,244,922,1166
404,2023-01-17 20:00:00,2,0,0,3,34.18,62,27.89,55,485,540
405,2023-01-17 21:00:00,2,1,0,2,17.25,51,20.96,25,308,333
406,2023-01-17 22:00:00,2,0,1,4,27.64,42,36.2,101,726,827
407,2023-01-17 23:00:00,4,1,1,3,10.88,75,38.7,103,915,1018
408,2023-01-18 00:00:00,1,1,0,2,26.8,58,15.61,37,707,744
409,2023-01-18 01:00:00,1,1,0,1,21.32,50,16.68,197,94,291
410,2023-01-18 02:00:00,1,1,1,1,16.17,64,19.72,220,688,908
411,2023-01-18 03:00:00,1,0,0,3,10.79,47,12.63,8,919,927
412,2023-01-18 04:00:00,3,0,1,1,33.34,40,45.22,137,196,333
413,2023-01-18 05:00:00,2,1,1,2,32.42,87,46.34,91,370,461
414,2023-01-18 06:00:00,2,0,1,4,9.81,33,47.43,282,532,814
415,2023-01-18 07:00:00,1,1,0,4,29.5,85,18.34,291,586,877
416,2023-01-18 08:00:00,1,0,0,4,23.89,56,43.79,109,887,996
417,2023-01-18 09:00:00,3,0,1,4,26.89,56,2.52,191,924,1115
418,2023-01-18 10:00:00,3,1,0,4,6.28,58,18.14,27,269,296
419,2023-01-18 11:00:00,1,1,0,1,20.36,32,2.97,93,628,721
420,2023-01-18 12:00:00,1,0,1,4,32.17,67,41.61,54,374,428
421,2023-01-18 13:00:00,4,1,1,1,21.26,40,16.21,67,825,892
422,2023-01-18 14:00:00,3,1,0,3,12.77,78,22.62,70,499,569
423,2023-01-18 15:00:00,3,0,0,4,19.95,61,16.69,139,298,437
424,2023-01-18 16:00:00,3,1,1,2,10.45,89,44.16,170,915,1085
425,2023-01-18 17:00:00,4,0,1,2,30.05,87,21.25,47,839,886
426,2023-01-18 18:00:00,2,1,1,4,24.84,33,27.31,46,578,624
427,2023-01-18 19:00:00,3,0,0,1,20.94,87,23.9,68,518,586
428,2023-01-18 20:00:00,1,0,0,4,26.52,40,43.8,118,1,119
429,2023-01-18 21:00:00,1,0,1,4,21.28,35,3.52,266,430,696
430,2023-01-18 22:00:00,4,1,0,4,16.23,51,16.46,31,24,55
431,2023-01-18 23:00:00,2,0,1,1,15.22,74,22.62,162,42,204
432,2023-01-19 00:00:00,2,1,0,4,15.39,51,5.84,110,370,480
433,2023-01-19 01:00:00,4,1,0,1,13.83,32,1.23,135,198,333
434,2023-01-19 02:00:00,2,0,1,4,22.53,38,14.96,32,90,122
435,2023-01-19 03:00:00,1,1,1,1,7.44,73,29.81,117,288,405
436,2023-01-19 04:00:00,4,0,0,2,11.79,87,30.32,137,800,937
437,2023-01-19 05:00:00,4,1,0,2,13.62,82,9.21,151,388,539
438,2023-01-19 06:00:00,1,1,1,1,17.59,44,24.17,0,924,924
439,2023-01-19 07:00:00,1,0,1,2,20.53,42,4.71,176,186,362
440,2023-01-19 08:00:00,3,0,1,4,7.08,86,48.34,150,791,941
441,2023-01-19 09:00:00,2,1,0,1,28.25,84,29.05,211,12,223
442,2023-01-19 10:00:00,4,0,1,3,22.97,48,24.77,259,701,960
443,2023-01-19 11:00:00,4,1,0,2,6.87,78,8.04,1,624,625
444,2023-01-19 12:00:00,4,1,1,3,18.31,51,47.87,94,814,908
445,2023-01-19 13:00:00,4,1,1,1,32.41,82,14.74,51,289,340
446,2023-01-19 14:00:00,3,1,1,4,11.81,89,42.35,24,674,698
447,2023-01-19 15:00:00,4,0,1,3,34.04,79,3.32,160,732,892
448,2023-01-19 16:00:00,1,0,1,1,10.3,89,16.0,259,899,1158
449,2023-01-19 17:00:00,3,1,0,4,19.54,44,17.69,156,725,881
450,2023-01-19 18:00:00,1,1,1,1,12.08,87,30.13,107,507,614
451,2023-01-19 19:00:00,4,1,0,3,10.34,43,24.7,85,546,631
452,2023-01-19 20:00:00,4,1,0,1,9.01,47,42.69,183,242,425
453,2023-01-19 21:00:00,2,1,1,2,16.6,44,43.13,160,460,620
454,2023-01-19 22:00:00,2,0,0,3,24.83,62,24.24,145,699,844
455,2023-01-19 23:00:00,2,1,0,4,17.42,77,38.96,104,295,399
456,2023-01-20 00:00:00,3,1,1,3,33.94,56,40.02,53,578,631
457,2023-01-20 01:00:00,2,1,1,3,16.04,57,10.61,220,748,968
458,2023-01-20 02:00:00,4,1,0,4,17.52,41,19.73,262,846,1108
459,2023-01-20 03:00:00,2,1,0,2,25.5,87,23.4,214,687,901
460,2023-01-20 04:00:00,1,1,1,1,18.41,46,11.41,60,551,611
461,2023-01-20 05:00:00,1,0,1,3,30.24,89,3.24,181,604,785
462,2023-01-20 06:00:00,2,1,1,1,18.76,34,23.35,53,278,331
463,2023-01-20 07:00:00,2,1,1,3,19.24,73,23.36,79,109,188
464,2023-01-20 08:00:00,1,0,1,4,27.83,47,48.96,101,718,819
465,2023-01-20 09:00:00,1,0,0,2,15.47,89,40.6,6,912,918
466,2023-01-20 10:00:00,2,1,0,2,32.94,84,20.3,2,801,803
467,2023-01-20 11:00:00,1,0,0,2,15.06,80,0.83,10,14,24
468,2023-01-20 12:00:00,3,0,1,3,7.81,43,16.69,176,401,577
469,2023-01-20 13:00:00,2,0,1,1,7.67,68,0.44,274,954,1228
470,2023-01-20 14:00:00,2,1,0,3,6.94,67,39.63,64,408,472
471,2023-01-20 15:00:00,1,1,0,3,33.95,62,3.92,299,234,533
472,2023-01-20 16:00:00,4,0,1,4,13.25,51,41.49,62,305,367
473,2023-01-20 17:00:00,2,0,0,2,14.34,42,25.4,223,395,618
474,2023-01-20 18:00:00,1,0,1,4,33.32,45,18.83,102,767,869
475,2023-01-20 19:00:00,1,1,1,4,8.61,42,30.97,123,317,440
476,2023-01-20 20:00:00,2,1,0,2,23.02,33,32.34,44,39,83
477,2023-01-20 21:00:00,3,0,1,1,19.4,76,41.79,247,473,720
478,2023-01-20 22:00:00,1,0,1,4,17.33,89,47.17,221,758,979
479,2023-01-20 23:00:00,3,1,0,4,24.59,46,43.55,224,569,793
480,2023-01-21 00:00:00,3,1,0,1,30.03,84,25.51,112,972,1084
481,2023-01-21 01:00:00,3,0,0,4,12.77,87,30.28,210,550,760
482,2023-01-21 02:00:00,1,0,0,2,17.69,63,40.33,260,373,633
483,2023-01-21 03:00:00,4,0,0,1,10.05,63,33.32,75,663,738
484,2023-01-21 04:00:00,3,1,0,3,13.03,75,22.28,153,20,173
485,2023-01-21 05:00:00,2,0,0,2,34.16,66,26.86,15,541,556
486,2023-01-21 06:00:00,4,1,0,4,15.45,68,23.09,116,569,685
487,2023-01-21 07:00:00,4,1,0,3,19.58,30,17.45,251,630,881
488,2023-01-21 08:00:00,4,1,1,3,7.52,83,40.59,92,156,248
489,2023-01-21 09:00:00,3,0,1,2,12.67,41,11.68,175,255,430
490,2023-01-21 10:00:00,4,0,0,3,28.95,66,44.7,3,438,441
491,2023-01-21 11:00:00,4,0,0,4,28.41,64,7.05,39,45,84
492,2023-01-21 12:00:00,2,1,0,1,18.87,79,18.21,63,325,388
493,2023-01-21 13:00:00,3,1,1,2,34.13,89,6.32,1,198,199
494,2023-01-21 14:00:00,1,0,1,2,16.22,37,48.01,90,125,215
495,2023-01-21 15:00:00,4,0,1,4,29.0,87,35.9,182,317,499
496,2023-01-21 16:00:00,1,1,0,4,28.59,39,20.94,29,452,481
497,2023-01-21 17:00:00,4,0,1,2,22.05,39,31.37,66,827,893
498,2023-01-21 18:00:00,2,1,0,1,28.79,44,4.77,249,836,1085
499,2023-01-21 19:00:00,1,0,1,2,18.36,89,5.43,103,690,793
500,2023-01-21 20:00:00,4,1,0,2,13.21,72,4.43,83,443,526
501,2023-01-21 21:00:00,4,0,0,3,11.62,54,31.7,275,295,570
502,2023-01-21 22:00:00,4,0,0,1,17.44,66,39.13,228,579,807
503,2023-01-21 23:00:00,1,0,1,1,34.48,68,2.17,25,687,712
504,2023-01-22 00:00:00,4,1,1,3,13.26,63,19.15,43,655,698
505,2023-01-22 01:00:00,4,0,0,1,9.92,51,31.43,153,496,649
506,2023-01-22 02:00:00,4,1,1,2,7.79,43,18.18,21,683,704
507,2023-01-22 03:00:00,1,1,1,4,34.65,65,46.0,70,591,661
508,2023-01-22 04:00:00,4,0,1,4,19.68,77,29.28,172,315,487
509,2023-01-22 05:00:00,1,1,0,2,6.69,65,13.44,6,255,261
510,2023-01-22 06:00:00,3,0,1,4,20.15,65,20.4,264,856,1120
511,2023-01-22 07:00:00,4,1,0,3,29.91,87,35.09,264,972,1236
512,2023-01-22 08:00:00,2,1,1,3,18.14,64,26.79,107,972,1079
513,2023-01-22 09:00:00,4,0,1,2,5.11,90,44.91,132,858,990
514,2023-01-22 10:00:00,1,0,0,1,7.53,89,14.48,230,318,548
515,2023-01-22 11:00:00,4,1,0,4,18.83,87,27.44,253,735,988
516,2023-01-22 12:00:00,4,0,0,1,20.33,83,18.48,291,301,592
517,2023-01-22 13:00:00,4,0,1,4,16.61,90,5.53,175,978,1153
518,2023-01-22 14:00:00,4,0,0,2,18.59,43,16.13,293,860,1153
519,2023-01-22 15:00:00,2,1,0,3,16.2,36,20.7,208,535,743
520,2023-01-22 16:00:00,3,0,0,2,29.34,88,9.33,150,292,442
521,2023-01-22 17:00:00,2,1,1,4,25.17,44,46.57,253,721,974
522,2023-01-22 18:00:00,1,0,1,1,34.67,73,42.67,110,251,361
523,2023-01-22 19:00:00,2,1,0,3,26.79,78,27.69,42,20,62
524,2023-01-22 20:00:00,1,0,0,2,13.23,65,34.71,172,38,210
525,2023-01-22 21:00:00,4,0,1,3,17.42,60,34.49,39,765,804
526,2023-01-22 22:00:00,3,1,0,3,9.65,39,48.12,255,64,319
527,2023-01-22 23:00:00,1,0,0,3,28.83,47,27.37,242,191,433
528,2023-01-23 00:00:00,2,1,1,4,9.79,37,43.93,215,624,839
529,2023-01-23 01:00:00,3,0,1,3,24.75,69,3.79,171,637,808
530,2023-01-23 02:00:00,3,0,0,4,20.63,46,49.28,183,68,251
531,2023-01-23 03:00:00,4,0,1,3,14.34,79,23.23,194,261,455
532,2023-01-23 04:00:00,2,0,1,3,15.14,49,37.81,144,697,841
533,2023-01-23 05:00:00,2,1,1,2,5.1,55,32.5,139,601,740
534,2023-01-23 06:00:00,1,1,0,2,26.57,84,43.82,7,315,322
535,2023-01-23 07:00:00,3,0,1,2,22.39,31,48.39,279,82,361
536,2023-01-23 08:00:00,2,1,1,1,32.77,86,32.13,288,582,870
537,2023-01-23 09:00:00,3,0,0,3,20.84,86,34.48,50,108,158
538,2023-01-23 10:00:00,3,0,1,2,22.29,76,33.39,168,892,1060
539,2023-01-23 11:00:00,1,1,0,2,17.68,90,4.32,30,526,556
540,2023-01-23 12:00:00,3,1,1,4,11.54,76,46.42,173,999,1172
541,2023-01-23 13:00:00,1,1,0,3,7.99,32,10.74,41,876,917
542,2023-01-23 14:00:00,3,0,0,1,6.13,56,45.34,189,251,440
543,2023-01-23 15:00:00,2,0,0,2,15.04,62,36.6,142,332,474
544,2023-01-23 16:00:00,3,1,1,2,24.27,86,41.34,277,727,1004
545,2023-01-23 17:00:00,4,0,0,1,22.96,33,28.13,115,816,931
546,2023-01-23 18:00:00,2,1,1,2,17.93,30,6.0,201,207,408
547,2023-01-23 19:00:00,3,0,0,2,12.22,48,13.15,292,754,1046
548,2023-01-23 20:00:00,3,1,0,1,19.66,67,31.06,153,468,621
549,2023-01-23 21:00:00,1,0,1,1,24.67,73,8.48,242,362,604
550,2023-01-23 22:00:00,3,0,1,4,26.24,36,20.96,86,171,257
551,2023-01-23 23:00:00,2,0,0,1,31.38,66,5.01,262,512,774
552,2023-01-24 00:00:00,2,1,0,4,28.27,75,22.67,9,652,661
553,2023-01-24 01:00:00,2,0,1,4,25.69,53,19.7,275,873,1148
554,2023-01-24 02:00:00,1,0,1,1,13.08,77,17.68,177,62,239
555,2023-01-24 03:00:00,2,1,1,1,30.07,52,49.69,117,922,1039
556,2023-01-24 04:00:00,2,1,1,2,12.3,80,18.29,178,850,1028
557,2023-01-24 05:00:00,2,0,0,2,19.94,69,8.2,103,950,1053
558,2023-01-24 06:00:00,2,0,0,3,30.18,31,47.44,249,299,548
559,2023-01-24 07:00:00,2,0,0,4,6.17,52,6.33,109,18,127
560,2023-01-24 08:00:00,1,1,1,4,19.46,30,13.07,206,696,902
561,2023-01-24 09:00:00,1,0,1,2,9.51,72,27.48,260,783,1043
562,2023-01-24 10:00:00,3,0,0,1,6.39,89,33.2,152,312,464
563,2023-01-24 11:00:00,2,1,1,1,31.48,76,42.46,126,226,352
564,2023-01-24 12:00:00,3,0,0,2,17.39,40,8.81,2,20,22
565,2023-01-24 13:00:00,1,1,0,2,7.52,85,44.34,243,874,1117
566,2023-01-24 14:00:00,4,0,1,3,16.65,55,2.2,204,40,244
567,2023-01-24 15:00:00,4,0,0,3,29.24,57,3.58,245,993,1238
568,2023-01-24 16:00:00,4,1,0,3,7.97,34,19.71,3,194,197
569,2023-01-24 17:00:00,4,1,1,4,29.6,46,28.32,243,620,863
570,2023-01-24 18:00:00,2,1,1,2,7.87,34,30.14,78,177,255
571,2023-01-24 19:00:00,2,1,0,1,27.93,49,25.22,86,247,333
572,2023-01-24 20:00:00,2,0,0,2,19.2,59,20.26,12,896,908
573,2023-01-24 21:00:00,1,0,0,4,5.72,55,49.89,223,277,500
574,2023-01-24 22:00:00,2,0,0,3,13.88,42,49.47,190,200,390
575,2023-01-24 23:00:00,2,0,1,1,26.57,84,15.93,273,290,563
576,2023-01-25 00:00:00,4,1,1,2,27.55,89,41.65,272,165,437
577,2023-01-25 01:00:00,1,1,0,2,29.19,79,35.46,188,40,228
578,2023-01-25 02:00:00,3,1,1,2,12.12,36,20.14,173,14,187
579,2023-01-25 03:00:00,2,0,0,3,17.29,35,31.28,199,985,1184
580,2023-01-25 04:00:00,2,1,1,1,31.49,65,25.05,205,24,229
581,2023-01-25 05:00:00,3,0,1,4,14.31,78,43.29,165,851,1016
582,2023-01-25 06:00:00,4,1,0,4,22.5,71,46.87,238,747,985
583,2023-01-25 07:00:00,3,1,1,2,28.21,49,43.92,127,915,1042
584,2023-01-25 08:00:00,4,1,0,3,20.42,90,48.64,264,950,1214
585,2023-01-25 09:00:00,4,0,0,3,13.09,74,31.53,106,718,824
586,2023-01-25 10:00:00,1,1,0,1,25.61,65,16.2,45,999,1044
587,2023-01-25 11:00:00,4,1,0,1,6.37,61,24.99,171,813,984
588,2023-01-25 12:00:00,4,0,0,3,20.54,85,40.16,284,871,1155
589,2023-01-25 13:00:00,2,0,1,1,21.97,78,16.36,38,674,712
590,2023-01-25 14:00:00,3,1,0,1,8.19,34,28.95,24,799,823
591,2023-01-25 15:00:00,3,0,1,1,13.6,76,23.14,99,584,683
592,2023-01-25 16:00:00,3,1,0,4,14.29,57,9.87,88,443,531
593,2023-01-25 17:00:00,4,1,0,4,11.99,52,44.23,114,528,642
594,2023-01-25 18:00:00,3,1,1,4,20.84,38,33.63,127,267,394
595,2023-01-25 19:00:00,2,1,1,4,19.01,89,44.84,204,708,912
596,2023-01-25 20:00:00,4,1,0,2,12.48,71,43.26,73,601,674
597,2023-01-25 21:00:00,1,0,0,2,14.69,44,41.21,80,53,133
598,2023-01-25 22:00:00,3,1,0,1,11.02,63,12.14,69,552,621
599,2023-01-25 23:00:00,1,0,1,2,15.11,87,2.08,117,229,346
600,2023-01-26 00:00:00,2,1,0,2,6.36,85,17.89,90,30,120
601,2023-01-26 01:00:00,2,0,1,2,30.38,63,6.52,100,164,264
602,2023-01-26 02:00:00,3,1,0,2,34.59,76,24.11,175,155,330
603,2023-01-26 03:00:00,3,0,1,3,16.26,67,42.98,110,808,918
604,2023-01-26 04:00:00,4,1,0,1,27.03,68,44.41,225,902,1127
605,2023-01-26 05:00:00,3,1,1,4,32.01,58,25.0,27,388,415
606,2023-01-26 06:00:00,2,0,1,2,34.71,68,17.21,89,692,781
607,2023-01-26 07:00:00,2,1,1,4,30.05,56,7.15,93,853,946
608,2023-01-26 08:00:00,2,0,1,4,12.32,84,48.58,7,6,13
609,2023-01-26 09:00:00,2,0,0,2,9.88,89,47.84,298,823,1121
610,2023-01-26 10:00:00,3,1,0,2,28.76,50,33.22,186,946,1132
611,2023-01-26 11:00:00,4,1,0,4,13.24,75,24.54,195,206,401
612,2023-01-26 12:00:00,1,1,0,1,25.52,86,14.3,46,262,308
613,2023-01-26 13:00:00,1,1,0,2,17.15,54,32.3,177,595,772
614,2023-01-26 14:00:00,2,0,0,4,7.29,30,28.58,246,334,580
615,2023-01-26 15:00:00,4,1,0,3,12.81,60,8.12,183,234,417
616,2023-01-26 16:00:00,1,0,1,2,10.28,86,13.27,211,254,465
617,2023-01-26 17:00:00,4,0,0,2,6.1,73,8.03,191,543,734
618,2023-01-26 18:00:00,1,0,1,2,31.51,56,47.43,48,513,561
619,2023-01-26 19:00:00,3,0,1,4,30.21,87,29.56,143,463,606
620,2023-01-26 20:00:00,1,1,1,2,21.85,77,15.06,137,257,394
621,2023-01-26 21:00:00,3,0,1,3,6.92,86,4.69,18,28,46
622,2023-01-26 22:00:00,2,0,1,1,26.02,82,38.64,270,554,824
623,2023-01-26 23:00:00,2,0,1,4,24.82,76,40.57,90,759,849
624,2023-01-27 00:00:00,4,0,0,1,9.54,67,10.06,31,289,320
625,2023-01-27 01:00:00,4,1,0,4,31.22,60,29.15,227,898,1125
626,2023-01-27 02:00:00,3,1,1,4,26.34,55,47.23,260,624,884
627,2023-01-27 03:00:00,3,0,0,4,24.91,51,42.53,271,933,1204
628,2023-01-27 04:00:00,2,0,0,3,20.2,66,9.54,33,774,807
629,2023-01-27 05:00:00,1,1,1,2,30.89,52,29.44,101,454,555
630,2023-01-27 06:00:00,4,0,1,2,33.66,85,12.48,284,242,526
631,2023-01-27 07:00:00,2,1,0,1,16.34,38,3.06,266,652,918
632,2023-01-27 08:00:00,2,0,1,3,27.01,55,20.4,160,71,231
633,2023-01-27 09:00:00,3,1,1,4,33.51,79,4.47,201,129,330
634,2023-01-27 10:00:00,2,0,1,1,34.51,80,16.8,141,669,810
635,2023-01-27 11:00:00,2,0,0,2,18.57,67,47.77,102,742,844
636,2023-01-27 12:00:00,1,0,0,3,10.41,78,10.95,219,85,304
637,2023-01-27 13:00:00,2,1,1,3,23.21,89,48.9,23,675,698
638,2023-01-27 14:00:00,3,0,1,3,26.01,34,32.88,96,255,351
639,2023-01-27 15:00:00,1,1,0,2,23.6,71,43.62,33,313,346
640,2023-01-27 16:00:00,2,0,0,2,17.34,64,6.62,20,218,238
641,2023-01-27 17:00:00,1,0,1,2,5.77,81,14.58,58,641,699
642,2023-01-27 18:00:00,3,1,0,4,13.52,88,31.38,127,718,845
643,2023-01-27 19:00:00,2,0,1,3,33.32,59,42.87,2,849,851
644,2023-01-27 20:00:00,2,0,0,4,28.91,43,30.36,131,508,639
645,2023-01-27 21:00:00,4,1,1,1,14.66,42,6.51,296,848,1144
646,2023-01-27 22:00:00,4,0,1,1,26.7,79,25.3,273,146,419
647,2023-01-27 23:00:00,4,1,0,2,24.99,43,35.29,28,439,467
648,2023-01-28 00:00:00,2,0,1,4,8.48,48,31.33,236,21,257
649,2023-01-28 01:00:00,1,0,0,2,8.06,56,10.5,95,720,815
650,2023-01-28 02:00:00,2,0,1,4,29.33,77,47.79,281,657,938
651,2023-01-28 03:00:00,1,1,1,2,17.12,84,22.48,23,129,152
652,2023-01-28 04:00:00,1,1,0,2,7.14,32,14.93,129,681,810
653,2023-01-28 05:00:00,3,1,1,1,32.13,52,1.12,260,403,663
654,2023-01-28 06:00:00,4,1,1,4,7.05,87,28.92,150,965,1115
655,2023-01-28 07:00:00,2,0,0,2,5.63,38,31.86,236,774,1010
656,2023-01-28 08:00:00,2,0,1,1,8.63,80,29.23,173,935,1108
657,2023-01-28 09:00:00,1,0,1,2,18.16,67,29.61,161,666,827
658,2023-01-28 10:00:00,4,1,0,4,34.05,70,11.6,190,445,635
659,2023-01-28 11:00:00,1,1,0,4,9.57,30,13.03,192,890,1082
660,2023-01-28 12:00:00,4,0,1,1,31.32,72,13.87,178,169,347
661,2023-01-28 13:00:00,4,0,1,4,10.23,42,18.75,119,992,1111
662,2023-01-28 14:00:00,4,0,0,4,13.41,48,35.26,275,751,1026
663,2023-01-28 15:00:00,3,1,1,3,6.24,60,10.37,211,519,730
664,2023-01-28 16:00:00,1,1,1,3,19.2,75,3.97,143,728,871
665,2023-01-28 17:00:00,3,1,0,3,18.96,80,33.02,32,902,934
666,2023-01-28 18:00:00,4,0,1,4,14.76,38,17.39,29,943,972
667,2023-01-28 19:00:00,4,0,1,4,22.16,66,44.52,180,278,458
668,2023-01-28 20:00:00,4,0,0,3,30.54,38,6.65,220,207,427
669,2023-01-28 21:00:00,3,1,0,1,34.08,56,8.82,218,149,367
670,2023-01-28 22:00:00,2,1,0,4,7.95,56,23.95,141,518,659
671,2023-01-28 23:00:00,1,0,0,4,33.73,67,4.05,3,996,999
672,2023-01-29 00:00:00,4,0,0,4,27.32,83,34.63,163,323,486
673,2023-01-29 01:00:00,4,1,1,4,5.16,77,38.48,47,166,213
674,2023-01-29 02:00:00,3,0,1,2,25.68,31,42.28,53,411,464
675,2023-01-29 03:00:00,1,1,0,4,31.22,60,4.34,181,925,1106
676,2023-01-29 04:00:00,1,1,0,3,29.59,46,29.97,76,385,461
677,2023-01-29 05:00:00,3,1,0,3,23.67,35,0.33,167,182,349
678,2023-01-29 06:00:00,4,0,0,4,21.2,38,0.57,243,778,1021
679,2023-01-29 07:00:00,3,0,0,4,9.21,38,28.22,141,383,524
680,2023-01-29 08:00:00,2,1,0,3,28.59,30,36.3,18,980,998
681,2023-01-29 09:00:00,2,0,0,1,33.8,30,35.38,156,973,1129
682,2023-01-29 10:00:00,3,1,1,4,19.86,66,36.96,63,718,781
683,2023-01-29 11:00:00,4,1,0,2,9.37,39,15.11,161,882,1043
684,2023-01-29 12:00:00,4,0,0,4,10.65,79,37.43,134,433,567
685,2023-01-29 13:00:00,4,0,1,2,10.9,53,49.69,192,239,431
686,2023-01-29 14:00:00,2,1,0,3,15.93,48,43.22,71,633,704
687,2023-01-29 15:00:00,3,1,0,4,29.63,85,34.51,13,504,517
688,2023-01-29 16:00:00,1,1,1,1,27.93,86,7.0,198,279,477
689,2023-01-29 17:00:00,2,1,0,4,12.13,54,44.42,83,864,947
690,2023-01-29 18:00:00,3,1,0,1,20.72,87,45.58,32,754,786
691,2023-01-29 19:00:00,2,0,1,2,26.54,70,14.77,289,577,866
692,2023-01-29 20:00:00,4,1,1,1,32.49,73,0.29,32,249,281
693,2023-01-29 21:00:00,1,0,0,3,20.72,64,21.35,176,1000,1176
694,2023-01-29 22:00:00,2,1,1,3,33.56,65,37.0,295,727,1022
695,2023-01-29 23:00:00,1,1,1,1,21.48,66,23.19,175,604,779
696,2023-01-30 00:00:00,3,0,1,2,23.93,89,44.21,293,198,491
697,2023-01-30 01:00:00,1,0,0,4,26.86,61,7.15,295,241,536
698,2023-01-30 02:00:00,3,1,1,2,18.27,64,15.1,111,355,466
699,2023-01-30 03:00:00,4,0,1,4,16.14,56,1.9,281,780,1061
700,2023-01-30 04:00:00,4,1,0,4,28.23,63,33.96,100,672,772
701,2023-01-30 05:00:00,3,1,1,1,9.91,43,14.88,229,589,818
702,2023-01-30 06:00:00,1,0,1,4,32.17,71,27.94,204,552,756
703,2023-01-30 07:00:00,4,1,0,3,6.98,80,15.18,198,321,519
704,2023-01-30 08:00:00,2,0,1,2,13.12,82,31.05,189,305,494
705,2023-01-30 09:00:00,3,1,1,3,16.36,85,1.11,128,305,433
706,2023-01-30 10:00:00,4,1,0,3,8.85,44,30.83,6,752,758
707,2023-01-30 11:00:00,2,0,0,3,10.49,59,16.64,249,109,358
708,2023-01-30 12:00:00,4,0,1,1,5.55,76,30.64,49,296,345
709,2023-01-30 13:00:00,2,0,1,1,21.85,47,27.77,272,663,935
710,2023-01-30 14:00:00,3,1,1,4,28.84,53,46.94,187,960,1147
711,2023-01-30 15:00:00,3,1,0,4,20.72,65,0.02,64,82,146
712,2023-01-30 16:00:00,4,0,0,2,8.75,67,1.62,251,400,651
713,2023-01-30 17:00:00,3,1,0,3,9.33,60,2.24,288,423,711
714,2023-01-30 18:00:00,3,0,0,2,8.84,53,2.22,158,505,663
715,2023-01-30 19:00:00,2,0,0,1,33.95,62,40.75,235,788,1023
716,2023-01-30 20:00:00,1,0,1,2,14.88,89,23.9,163,314,477
717,2023-01-30 21:00:00,1,1,0,2,17.53,58,49.58,44,740,784
718,2023-01-30 22:00:00,3,0,1,2,6.02,46,9.31,210,307,517
719,2023-01-30 23:00:00,4,1,1,3,26.89,30,10.71,234,80,314
720,2023-01-31 00:00:00,2,0,1,2,26.81,43,25.67,247,896,1143
721,2023-01-31 01:00:00,2,0,0,3,25.83,39,15.14,119,103,222
722,2023-01-31 02:00:00,1,1,1,3,5.14,56,33.47,112,447,559
723,2023-01-31 03:00:00,4,1,1,1,28.89,50,1.7,203,867,1070
724,2023-01-31 04:00:00,1,0,0,1,25.67,50,9.14,9,243,252
725,2023-01-31 05:00:00,1,1,0,2,13.92,74,10.24,3,973,976
726,2023-01-31 06:00:00,1,0,1,3,9.77,81,24.3,133,962,1095
727,2023-01-31 07:00:00,2,0,0,2,32.47,89,1.9,292,431,723
728,2023-01-31 08:00:00,3,0,1,2,33.54,90,31.97,223,523,746
729,2023-01-31 09:00:00,1,1,1,4,11.44,56,44.24,76,420,496
730,2023-01-31 10:00:00,1,1,1,2,7.09,80,43.52,46,586,632
731,2023-01-31 11:00:00,2,0,1,2,27.57,69,25.42,289,315,604
732,2023-01-31 12:00:00,2,1,0,4,32.18,35,17.29,179,41,220
733,2023-01-31 13:00:00,3,0,0,3,12.52,67,31.0,195,971,1166
734,2023-01-31 14:00:00,2,0,1,4,5.3,32,0.35,270,777,1047
735,2023-01-31 15:00:00,4,1,0,2,18.97,57,24.62,151,156,307
736,2023-01-31 16:00:00,1,1,0,1,5.99,85,22.33,109,366,475
737,2023-01-31 17:00:00,4,1,0,3,12.5,85,39.6,105,188,293
738,2023-01-31 18:00:00,4,1,1,2,27.97,39,38.85,62,136,198
739,2023-01-31 19:00:00,2,1,1,3,34.34,49,35.04,222,17,239
740,2023-01-31 20:00:00,2,0,0,4,34.52,67,20.73,87,368,455
741,2023-01-31 21:00:00,2,0,0,2,34.05,59,17.72,57,150,207
742,2023-01-31 22:00:00,2,1,1,2,28.79,62,34.53,243,490,733
743,2023-01-31 23:00:00,1,1,1,2,8.86,87,4.95,204,885,1089
744,2023-02-01 00:00:00,3,0,0,4,9.69,47,35.49,298,13,311
745,2023-02-01 01:00:00,4,0,0,2,18.5,63,21.65,78,661,739
746,2023-02-01 02:00:00,1,1,0,2,11.02,80,35.06,100,1000,1100
747,2023-02-01 03:00:00,4,1,0,1,26.63,37,42.89,12,991,1003
748,2023-02-01 04:00:00,1,0,0,1,24.72,38,45.69,265,633,898
749,2023-02-01 05:00:00,3,0,1,4,26.55,49,32.18,116,369,485
750,2023-02-01 06:00:00,2,0,1,2,11.56,47,1.65,87,272,359
751,2023-02-01 07:00:00,2,0,0,1,11.62,75,0.8,43,845,888
752,2023-02-01 08:00:00,4,0,1,3,21.09,67,17.56,18,372,390
753,2023-02-01 09:00:00,4,0,1,2,23.08,30,42.68,96,818,914
754,2023-02-01 10:00:00,2,1,0,3,29.11,33,36.77,83,782,865
755,2023-02-01 11:00:00,4,0,1,3,29.28,80,32.62,115,626,741
756,2023-02-01 12:00:00,4,0,0,2,18.78,79,37.8,175,883,1058
757,2023-02-01 13:00:00,2,1,0,3,26.47,47,45.9,64,62,126
758,2023-02-01 14:00:00,4,0,1,4,15.48,90,23.23,260,621,881
759,2023-02-01 15:00:00,4,1,1,4,8.53,45,0.47,215,154,369
760,2023-02-01 16:00:00,2,1,0,2,30.39,74,31.24,278,488,766
761,2023-02-01 17:00:00,3,0,0,2,27.74,66,6.42,266,321,587
762,2023-02-01 18:00:00,1,0,1,2,31.87,43,13.78,24,394,418
763,2023-02-01 19:00:00,4,1,0,3,18.45,59,11.42,176,813,989
764,2023-02-01 20:00:00,2,1,1,1,14.47,85,27.74,18,835,853
765,2023-02-01 21:00:00,3,0,0,4,34.88,40,14.42,129,97,226
766,2023-02-01 22:00:00,2,1,1,3,17.06,81,15.54,201,619,820
767,2023-02-01 23:00:00,2,1,1,1,29.02,36,12.0,9,879,888
768,2023-02-02 00:00:00,3,1,1,4,17.15,54,22.18,229,585,814
769,2023-02-02 01:00:00,2,1,0,2,18.73,40,48.91,224,453,677
770,2023-02-02 02:00:00,1,0,1,4,26.56,35,30.71,190,963,1153
771,2023-02-02 03:00:00,1,1,0,3,11.52,40,27.01,202,649,851
772,2023-02-02 04:00:00,3,1,0,2,13.06,72,15.61,43,617,660
773,2023-02-02 05:00:00,3,0,1,2,34.02,31,30.28,109,282,391
774,2023-02-02 06:00:00,1,0,1,1,29.25,44,3.78,221,706,927
775,2023-02-02 07:00:00,4,1,1,3,12.42,68,2.92,121,960,1081
776,2023-02-02 08:00:00,2,0,0,1,22.06,36,18.98,96,428,524
777,2023-02-02 09:00:00,3,1,1,3,8.58,56,21.48,198,40,238
778,2023-02-02 10:00:00,2,0,1,3,21.36,59,2.31,88,674,762
779,2023-02-02 11:00:00,3,0,1,3,12.19,79,21.98,147,393,540
780,2023-02-02 12:00:00,4,1,1,1,24.07,75,43.03,231,331,562
781,2023-02-02 13:00:00,1,1,0,1,5.97,39,3.01,189,73,262
782,2023-02-02 14:00:00,4,0,0,1,14.76,51,15.63,147,993,1140
783,2023-02-02 15:00:00,1,1,0,3,31.6,34,42.14,260,386,646
784,2023-02-02 16:00:00,4,0,1,3,26.28,81,7.6,229,605,834
785,2023-02-02 17:00:00,3,1,1,1,33.34,56,16.18,12,736,748
786,2023-02-02 18:00:00,3,1,1,2,21.91,68,1.68,268,466,734
787,2023-02-02 19:00:00,2,0,0,1,18.86,36,32.51,174,533,707
788,2023-02-02 20:00:00,2,1,0,4,16.71,82,8.85,243,896,1139
789,2023-02-02 21:00:00,3,1,1,4,26.58,41,24.06,229,343,572
790,2023-02-02 22:00:00,1,1,1,2,12.8,32,32.9,127,649,776
791,2023-02-02 23:00:00,4,0,1,4,23.65,67,26.66,284,831,1115
792,2023-02-03 00:00:00,1,1,0,1,21.82,62,1.28,104,200,304
793,2023-02-03 01:00:00,4,0,1,1,10.69,32,36.43,115,339,454
794,2023-02-03 02:00:00,4,0,1,4,12.13,90,24.01,9,693,702
795,2023-02-03 03:00:00,2,0,0,3,7.11,86,0.35,220,756,976
796,2023-02-03 04:00:00,1,1,1,3,29.57,40,46.96,247,409,656
797,2023-02-03 05:00:00,3,1,0,4,31.9,85,27.68,224,929,1153
798,2023-02-03 06:00:00,3,1,1,3,30.69,54,1.18,206,397,603
799,2023-02-03 07:00:00,2,0,1,4,33.0,37,18.65,107,547,654
800,2023-02-03 08:00:00,4,1,1,4,18.88,30,48.41,96,810,906
801,2023-02-03 09:00:00,3,1,0,1,11.61,55,41.18,15,330,345
802,2023-02-03 10:00:00,4,0,1,2,31.76,70,29.44,123,465,588
803,2023-02-03 11:00:00,3,0,0,3,22.53,85,30.45,293,550,843
804,2023-02-03 12:00:00,2,0,0,1,16.88,53,49.47,6,556,562
805,2023-02-03 13:00:00,1,1,0,2,17.86,64,28.65,95,68,163
806,2023-02-03 14:00:00,4,0,1,2,20.67,85,29.79,209,900,1109
807,2023-02-03 15:00:00,4,0,1,1,16.55,74,47.32,195,415,610
808,2023-02-03 16:00:00,1,1,0,2,10.96,41,26.7,184,156,340
809,2023-02-03 17:00:00,4,0,0,3,16.67,42,3.76,244,781,1025
810,2023-02-03 18:00:00,2,0,0,4,18.61,43,8.64,188,438,626
811,2023-02-03 19:00:00,1,1,0,3,28.21,90,23.56,6,50,56
812,2023-02-03 20:00:00,3,1,0,1,29.55,34,17.4,13,631,644
813,2023-02-03 21:00:00,3,0,0,4,16.97,45,34.66,269,922,1191
814,2023-02-03 22:00:00,3,1,1,3,15.32,44,38.67,68,310,378
815,2023-02-03 23:00:00,2,0,1,1,16.7,56,3.32,243,613,856
816,2023-02-04 00:00:00,3,1,0,4,12.65,61,25.58,47,200,247
817,2023-02-04 01:00:00,4,0,1,3,21.12,48,19.83,193,635,828
818,2023-02-04 02:00:00,2,0,1,2,23.75,69,6.26,235,63,298
819,2023-02-04 03:00:00,1,1,0,2,20.21,62,10.01,273,279,552
820,2023-02-04 04:00:00,4,0,0,1,11.06,37,28.92,48,474,522
821,2023-02-04 05:00:00,4,0,0,2,11.64,84,41.5,23,483,506
822,2023-02-04 06:00:00,1,1,1,3,31.63,51,24.18,38,204,242
823,2023-02-04 07:00:00,4,0,0,3,7.45,46,49.08,1,99,100
824,2023-02-04 08:00:00,2,0,0,3,29.47,82,8.93,279,610,889
825,2023-02-04 09:00:00,1,1,0,2,27.78,43,21.92,41,533,574
826,2023-02-04 10:00:00,2,0,1,3,17.31,30,3.53,111,496,607
827,2023-02-04 11:00:00,4,0,0,3,14.9,49,40.2,120,441,561
828,2023-02-04 12:00:00,2,0,0,3,24.53,30,25.27,118,494,612
829,2023-02-04 13:00:00,1,0,0,2,11.82,57,15.01,194,73,267
830,2023-02-04 14:00:00,2,1,0,3,20.68,62,18.94,59,806,865
831,2023-02-04 15:00:00,3,1,0,4,13.94,86,19.76,110,456,566
832,2023-02-04 16:00:00,3,0,1,4,28.73,58,20.78,270,469,739
833,2023-02-04 17:00:00,3,1,1,3,24.28,59,5.15,289,913,1202
834,2023-02-04 18:00:00,1,0,0,3,16.16,85,18.26,204,487,691
835,2023-02-04 19:00:00,4,1,0,1,25.81,87,1.48,239,556,795
836,2023-02-04 20:00:00,2,1,1,3,31.01,44,30.93,46,152,198
837,2023-02-04 21:00:00,4,1,0,4,16.74,89,16.82,279,989,1268
838,2023-02-04 22:00:00,2,0,0,1,9.85,61,44.41,207,556,763
839,2023-02-04 23:00:00,4,0,0,4,26.91,46,26.6,82,444,526
840,2023-02-05 00:00:00,2,1,0,4,17.85,49,1.47,0,368,368
841,2023-02-05 01:00:00,1,0,0,4,13.98,66,46.24,61,579,640
842,2023-02-05 02:00:00,1,0,1,1,11.77,49,17.29,146,991,1137
843,2023-02-05 03:00:00,2,1,1,4,30.5,42,42.98,104,429,533
844,2023-02-05 04:00:00,4,1,1,1,24.5,33,48.91,37,335,372
845,2023-02-05 05:00:00,4,0,0,4,19.33,84,20.34,271,731,1002
846,2023-02-05 06:00:00,3,0,0,1,8.81,61,33.99,247,488,735
847,2023-02-05 07:00:00,3,0,1,1,10.68,79,37.51,274,578,852
848,2023-02-05 08:00:00,4,0,0,1,17.35,70,33.35,142,806,948
849,2023-02-05 09:00:00,3,0,1,1,27.02,68,15.34,121,729,850
850,2023-02-05 10:00:00,2,1,1,4,19.3,47,26.18,286,973,1259
851,2023-02-05 11:00:00,2,0,1,4,20.11,43,38.97,103,618,721
852,2023-02-05 12:00:00,2,1,0,1,17.81,52,5.35,227,562,789
853,2023-02-05 13:00:00,4,1,1,4,19.97,46,32.99,107,788,895
854,2023-02-05 14:00:00,1,1,0,3,13.98,33,30.72,90,96,186
855,2023-02-05 15:00:00,2,0,0,4,26.07,82,3.12,183,580,763
856,2023-02-05 16:00:00,2,1,0,4,20.05,83,31.77,68,661,729
857,2023-02-05 17:00:00,2,0,0,4,21.15,42,24.27,234,23,257
858,2023-02-05 18:00:00,1,0,1,2,20.08,52,39.41,35,185,220
859,2023-02-05 19:00:00,1,0,1,4,22.59,75,48.95,31,35,66
860,2023-02-05 20:00:00,2,1,0,4,31.64,66,30.81,218,724,942
861,2023-02-05 21:00:00,1,0,0,1,7.77,83,24.43,179,657,836
862,2023-02-05 22:00:00,2,0,1,3,7.31,38,25.31,245,126,371
863,2023-02-05 23:00:00,1,1,0,1,9.2,65,27.48,28,437,465
864,2023-02-06 00:00:00,1,0,1,3,11.19,58,0.74,252,404,656
865,2023-02-06 01:00:00,2,1,0,2,9.59,40,12.7,267,901,1168
866,2023-02-06 02:00:00,2,1,1,4,24.61,83,34.77,193,736,929
867,2023-02-06 03:00:00,3,1,1,2,32.73,70,3.67,200,450,650
868,2023-02-06 04:00:00,1,1,0,3,16.93,53,34.37,27,962,989
869,2023-02-06 05:00:00,1,0,1,1,23.96,71,5.17,13,39,52
870,2023-02-06 06:00:00,3,0,0,2,15.43,51,45.09,139,279,418
871,2023-02-06 07:00:00,4,0,1,1,5.79,66,30.37,179,353,532
872,2023-02-06 08:00:00,4,1,0,4,21.33,90,10.95,73,391,464
873,2023-02-06 09:00:00,3,1,1,4,6.66,44,7.31,51,647,698
874,2023-02-06 10:00:00,3,0,1,1,31.95,67,13.01,270,20,290
875,2023-02-06 11:00:00,1,0,1,1,31.2,74,30.78,23,764,787
876,2023-02-06 12:00:00,2,1,0,1,16.99,43,24.07,226,653,879
877,2023-02-06 13:00:00,1,0,0,1,8.18,77,47.95,31,243,274
878,2023-02-06 14:00:00,1,0,0,4,24.93,70,41.56,165,327,492
879,2023-02-06 15:00:00,2,1,0,1,10.88,67,0.82,116,330,446
880,2023-02-06 16:00:00,1,0,0,3,20.87,88,10.51,151,371,522
881,2023-02-06 17:00:00,4,1,1,4,24.2,53,23.84,60,774,834
882,2023-02-06 18:00:00,4,0,1,1,6.24,41,24.43,191,618,809
883,2023-02-06 19:00:00,2,0,0,1,26.23,69,25.78,298,778,1076
884,2023-02-06 20:00:00,1,0,1,1,9.34,37,40.05,71,798,869
885,2023-02-06 21:00:00,4,0,1,2,34.43,66,47.33,67,342,409
886,2023-02-06 22:00:00,3,1,0,3,21.07,60,4.61,114,340,454
887,2023-02-06 23:00:00,4,1,1,1,22.89,75,47.32,290,244,534
888,2023-02-07 00:00:00,2,0,0,3,6.0,89,1.02,22,224,246
889,2023-02-07 01:00:00,2,1,0,3,11.79,39,39.51,62,113,175
890,2023-02-07 02:00:00,1,1,0,4,32.85,89,31.38,104,719,823
891,2023-02-07 03:00:00,3,0,0,3,14.04,49,18.72,209,161,370
892,2023-02-07 04:00:00,3,0,1,1,31.91,88,23.94,294,760,1054
893,2023-02-07 05:00:00,4,1,1,4,8.85,90,20.33,2,694,696
894,2023-02-07 06:00:00,3,1,0,2,24.8,41,5.41,207,842,1049
895,2023-02-07 07:00:00,4,1,1,1,5.05,79,26.48,87,1000,1087
896,2023-02-07 08:00:00,4,1,1,3,17.29,41,43.82,226,341,567
897,2023-02-07 09:00:00,1,1,0,1,26.96,80,43.54,164,894,1058
898,2023-02-07 10:00:00,1,1,1,4,9.79,40,27.23,7,514,521
899,2023-02-07 11:00:00,2,1,1,2,8.21,66,48.38,39,491,530
900,2023-02-07 12:00:00,4,1,0,2,9.5,87,6.15,259,361,620
901,2023-02-07 13:00:00,2,0,1,1,13.56,58,35.47,39,736,775
902,2023-02-07 14:00:00,4,0,1,2,28.12,56,26.85,166,411,577
903,2023-02-07 15:00:00,4,0,1,1,14.65,68,23.05,164,530,694
904,2023-02-07 16:00:00,1,0,1,1,20.68,72,31.46,256,741,997
905,2023-02-07 17:00:00,2,1,1,2,6.43,79,40.93,90,334,424
906,2023-02-07 18:00:00,2,1,0,2,30.5,78,17.14,9,439,448
907,2023-02-07 19:00:00,3,0,0,2,9.53,45,48.96,266,643,909
908,2023-02-07 20:00:00,4,0,0,4,26.41,63,29.15,132,117,249
909,2023-02-07 21:00:00,4,0,0,2,23.61,44,7.29,137,463,600
910,2023-02-07 22:00:00,4,0,1,2,31.96,74,9.27,148,457,605
911,2023-02-07 23:00:00,1,1,1,2,9.77,69,4.29,111,482,593
912,2023-02-08 00:00:00,4,0,1,4,12.55,56,9.0,193,702,895
913,2023-02-08 01:00:00,1,1,1,3,24.41,49,40.65,271,266,537
914,2023-02-08 02:00:00,1,0,1,4,8.69,62,4.56,215,547,762
915,2023-02-08 03:00:00,1,0,0,3,23.42,39,48.39,214,616,830
916,2023-02-08 04:00:00,2,0,0,4,18.73,66,29.47,78,454,532
917,2023-02-08 05:00:00,2,1,1,1,25.59,55,20.42,16,644,660
918,2023-02-08 06:00:00,3,0,0,2,30.47,75,25.83,204,149,353
919,2023-02-08 07:00:00,3,1,0,3,8.1,41,36.82,225,263,488
920,2023-02-08 08:00:00,4,0,0,2,22.04,55,28.18,251,866,1117
921,2023-02-08 09:00:00,4,1,0,1,25.22,86,41.93,172,257,429
922,2023-02-08 10:00:00,3,0,0,2,29.0,79,12.0,190,972,1162
923,2023-02-08 11:00:00,2,0,1,4,8.96,42,35.12,250,557,807
924,2023-02-08 12:00:00,3,0,1,1,22.86,39,12.98,158,925,1083
925,2023-02-08 13:00:00,2,1,1,3,20.28,31,48.89,300,16,316
926,2023-02-08 14:00:00,2,0,0,2,12.94,47,7.13,152,114,266
927,2023-02-08 15:00:00,3,0,1,3,20.51,46,29.2,284,245,529
928,2023-02-08 16:00:00,1,0,0,1,25.08,36,0.93,241,690,931
929,2023-02-08 17:00:00,2,1,0,3,31.79,82,11.63,53,858,911
930,2023-02-08 18:00:00,1,0,0,3,11.04,55,42.89,167,414,581
931,2023-02-08 19:00:00,4,0,0,2,27.29,56,30.67,129,570,699
932,2023-02-08 20:00:00,1,0,1,1,17.16,46,11.7,56,885,941
933,2023-02-08 21:00:00,1,0,1,1,6.0,52,15.96,124,620,744
934,2023-02-08 22:00:00,2,0,0,4,19.74,84,47.03,103,219,322
935,2023-02-08 23:00:00,1,0,1,3,9.26,45,22.59,119,594,713
936,2023-02-09 00:00:00,2,0,0,4,27.33,44,21.16,80,484,564
937,2023-02-09 01:00:00,1,0,0,2,14.08,57,40.09,87,642,729
938,2023-02-09 02:00:00,4,0,1,3,21.01,79,12.7,275,615,890
939,2023-02-09 03:00:00,1,1,0,2,16.35,60,47.76,39,789,828
940,2023-02-09 04:00:00,1,1,0,3,29.81,87,33.29,251,830,1081
941,2023-02-09 05:00:00,1,1,0,1,34.26,65,37.95,111,187,298
942,2023-02-09 06:00:00,1,1,0,2,12.53,31,15.11,67,582,649
943,2023-02-09 07:00:00,2,1,0,1,5.14,36,15.14,194,465,659
944,2023-02-09 08:00:00,4,1,1,3,12.29,52,46.99,263,182,445
945,2023-02-09 09:00:00,2,1,0,2,34.52,72,9.8,161,554,715
946,2023-02-09 10:00:00,2,1,1,4,23.99,56,23.79,197,564,761
947,2023-02-09 11:00:00,2,0,1,3,17.48,47,49.15,294,781,1075
948,2023-02-09 12:00:00,2,1,0,4,6.13,56,24.14,30,418,448
949,2023-02-09 13:00:00,3,0,0,2,34.32,82,23.21,52,198,250
950,2023-02-09 14:00:00,2,0,0,2,16.99,44,17.46,73,309,382
951,2023-02-09 15:00:00,2,0,0,1,28.18,43,2.37,47,283,330
952,2023-02-09 16:00:00,2,1,0,2,18.77,45,7.84,78,101,179
953,2023-02-09 17:00:00,4,1,1,3,16.17,88,44.09,293,681,974
954,2023-02-09 18:00:00,3,1,0,4,25.71,68,12.17,213,211,424
955,2023-02-09 19:00:00,1,0,0,1,30.05,64,10.3,244,235,479
956,2023-02-09 20:00:00,3,1,0,4,26.7,86,34.29,245,210,455
957,2023-02-09 21:00:00,3,0,0,2,12.58,31,16.87,243,757,1000
958,2023-02-09 22:00:00,1,0,0,2,26.32,44,5.67,119,704,823
959,2023-02-09 23:00:00,3,0,1,1,5.4,79,48.07,3,781,784
960,2023-02-10 00:00:00,4,0,0,1,10.04,77,10.45,137,881,1018
961,2023-02-10 01:00:00,2,1,1,3,32.63,86,18.13,1,477,478
962,2023-02-10 02:00:00,1,0,0,1,32.19,63,34.94,295,646,941
963,2023-02-10 03:00:00,1,0,0,4,14.47,43,8.43,261,642,903
964,2023-02-10 04:00:00,2,0,0,1,29.19,53,47.89,274,661,935
965,2023-02-10 05:00:00,2,0,1,1,27.65,83,33.29,100,586,686
966,2023-02-10 06:00:00,3,0,0,1,32.3,34,22.17,90,61,151
967,2023-02-10 07:00:00,3,0,1,2,22.73,45,33.76,281,40,321
968,2023-02-10 08:00:00,3,1,0,2,11.18,73,41.76,275,708,983
969,2023-02-10 09:00:00,4,1,0,2,27.68,30,16.69,68,820,888
970,2023-02-10 10:00:00,1,1,1,2,21.14,70,26.13,45,123,168
971,2023-02-10 11:00:00,1,0,0,3,23.0,50,29.65,239,102,341
972,2023-02-10 12:00:00,2,0,1,3,27.19,55,38.22,90,179,269
973,2023-02-10 13:00:00,2,0,1,2,12.12,90,23.55,211,348,559
974,2023-02-10 14:00:00,3,0,1,2,19.28,46,10.97,31,864,895
975,2023-02-10 15:00:00,2,1,0,3,6.78,66,9.07,198,409,607
976,2023-02-10 16:00:00,3,1,1,1,28.35,61,45.26,191,742,933
977,2023-02-10 17:00:00,3,0,0,3,13.48,69,17.49,148,159,307
978,2023-02-10 18:00:00,3,1,1,1,22.07,46,19.77,60,453,513
979,2023-02-10 19:00:00,2,1,0,1,17.34,47,41.64,71,929,1000
980,2023-02-10 20:00:00,4,1,1,1,5.94,45,44.24,207,297,504
981,2023-02-10 21:00:00,2,0,0,1,17.15,84,31.78,143,130,273
982,2023-02-10 22:00:00,3,0,0,2,29.67,42,33.53,300,161,461
983,2023-02-10 23:00:00,3,1,0,1,17.57,40,18.56,286,577,863
984,2023-02-11 00:00:00,1,0,1,4,26.93,41,2.66,170,421,591
985,2023-02-11 01:00:00,4,0,1,1,8.92,88,39.57,5,286,291
986,2023-02-11 02:00:00,1,0,0,2,26.7,90,33.19,45,403,448
987,2023-02-11 03:00:00,1,1,0,2,23.18,52,28.86,144,427,571
988,2023-02-11 04:00:00,1,0,0,3,34.54,52,30.53,2,445,447
989,2023-02-11 05:00:00,3,1,0,2,24.08,89,21.68,49,584,633
990,2023-02-11 06:00:00,4,0,0,2,33.01,85,29.17,282,357,639
991,2023-02-11 07:00:00,1,1,0,3,26.81,49,11.53,269,974,1243
992,2023-02-11 08:00:00,2,0,0,2,27.3,58,49.81,128,839,967
993,2023-02-11 09:00:00,3,0,0,1,29.84,61,7.49,238,15,253
994,2023-02-11 10:00:00,3,0,1,4,12.63,57,29.53,17,112,129
995,2023-02-11 11:00:00,2,0,0,1,21.74,65,27.77,14,813,827
996,2023-02-11 12:00:00,3,1,1,4,10.14,31,21.68,249,328,577
997,2023-02-11 13:00:00,4,0,0,3,8.75,66,34.88,38,436,474
998,2023-02-11 14:00:00,3,1,0,2,23.19,75,45.87,69,745,814
999,2023-02-11 15:00:00,4,0,0,2,23.35,40,16.9,107,896,1003
